first_name,last_name,email,lat,long
Xavier,Barefoot,xbarefoot0@ftc.gov,36.0336597,140.2064183
Dorine,Thornewill,dthornewill1@163.com,49.6617919,32.0477111
Maryjo,Gronaver,mgronaver2@deviantart.com,14.5659717,121.0108932
Reta,Cheers,rcheers3@google.es,-22.0030299,-47.4265802
Forrester,Nollet,fnollet4@rediff.com,-7.633333,108.133333
Peria,Neve,pneve5@netlog.com,35.663752,103.389346
Zebadiah,Kornyakov,zkornyakov6@twitpic.com,41.99427,21.574625
Wallie,Davydoch,wdavydoch7@tinypic.com,-18.9172494,-48.2841556
Karena,Phinn,kphinn8@free.fr,46.5834424,15.8262125
Ilyssa,Fosse,ifosse9@ed.gov,33.157445,106.834805
Johnette,Dunn,jdunna@moonfruit.com,45.0806751,7.6873152
Fredia,Huchot,fhuchotb@wikia.com,48.5372073,7.5002842
Zola,Livingston,zlivingstonc@vkontakte.ru,39.45978,21.6225718
Terri,Huttley,thuttleyd@theguardian.com,19.4392516,-99.1636051
Dyanne,Barthorpe,dbarthorpee@vkontakte.ru,-6.9445784,107.5179721
Davy,Eate,deatef@tmall.com,5.9353459,7.0794263
Alair,Leil,aleilg@addtoany.com,-0.264241,30.1084033
Waldon,Baulcombe,wbaulcombeh@google.ru,37.7423068,-25.6594762
Angeli,Menico,amenicoi@fotki.com,59.8346001,10.4365687
Marijo,Sharram,msharramj@taobao.com,45.4372062,13.5257205
Claiborne,Laxe,claxek@trellian.com,-9.0933664,124.8905151
Leighton,Kingstne,lkingstnel@skyrock.com,28.148729,112.124865
Engracia,Blemen,eblemenm@paginegialle.it,-5.5844754,105.4771084
Karlan,Copelli,kcopellin@joomla.org,62.7371552,7.1608614
Cullin,Starzaker,cstarzakero@dagondesign.com,-6.9644462,108.5537373
Clovis,Korejs,ckorejsp@typepad.com,-9.8446717,124.2810541
Sonny,Leschelle,sleschelleq@netvibes.com,-6.9717,112.8592
Andrew,Widdup,awiddupr@arstechnica.com,-18.7307117,-47.4916674
Sadye,Darwood,sdarwoods@hp.com,59.0463022,12.7017317
Pincus,Scritch,pscritcht@hibu.com,53.2774963,-6.1157412
Robinson,Luttgert,rluttgertu@hud.gov,-7.6656142,111.2949357
Nadiya,Genever,ngeneverv@tumblr.com,23.348395,111.023398
Ruggiero,Stollenhof,rstollenhofw@woothemes.com,-8.1661664,111.7480514
Jephthah,Ancell,jancellx@vistaprint.com,14.434698,120.878011
Ashlie,Attreed,aattreedy@about.com,-23.8139412,-47.4098328
Jean,Winterburn,jwinterburnz@mapy.cz,-8.0464521,112.3933836
Vina,Veltmann,vveltmann10@narod.ru,7.1518505,0.4738293
Giacomo,Pregel,gpregel11@berkeley.edu,53.3021194,-6.3049392
Ravid,Lumsdale,rlumsdale12@nps.gov,-6.9947862,109.6341727
Vernice,Vinson,vvinson13@google.com.br,59.538889,29.9194439
Dicky,Keizman,dkeizman14@theguardian.com,40.902461,116.621937
Marla,Smitton,msmitton15@free.fr,29.299853,108.777742
Omar,Whellams,owhellams16@amazon.co.jp,-8.1462,115.0596
Fidela,Gaines,fgaines17@washingtonpost.com,50.5368321,23.4027578
Yank,Frankcom,yfrankcom18@marriott.com,-6.7191062,108.5329338
Jaclin,Gass,jgass19@creativecommons.org,33.111117,112.39179
Tommy,Gommes,tgommes1a@merriam-webster.com,-5.5680317,132.3446399
Tersina,Pechell,tpechell1b@rambler.ru,41.411881,71.4833652
Ody,Matuszynski,omatuszynski1c@elpais.com,43.8558336,18.4098275
Ari,Triggol,atriggol1d@spiegel.de,48.7997482,2.4699259
Jany,Deverson,jdeverson1e@creativecommons.org,-8.5605,116.4792
Eli,Crallan,ecrallan1f@xrea.com,-8.5435854,115.4378152
Faun,D'Ruel,fdruel1g@yellowpages.com,48.1967872,6.4788333
Alessandro,Atyeo,aatyeo1h@comcast.net,22.454973,89.9437755
Elberta,Oliveto,eoliveto1i@php.net,9.0968475,118.0843002
Lurette,Snell,lsnell1j@instagram.com,40.979512,19.897722
Frankie,Duffin,fduffin1k@dropbox.com,49.5086625,5.9634974
Doll,MacKartan,dmackartan1l@163.com,15.58224,108.11422
Kendell,Simunek,ksimunek1m@apple.com,38.2537363,48.2999901
Angie,Bousquet,abousquet1n@elegantthemes.com,7.9172808,-72.0157046
Martica,Sanper,msanper1o@ning.com,39.1217895,66.8856247
Egor,Hynam,ehynamb@phpbb.com,39.7271767,20.0598549
Thaxter,Spurling,tspurling1p@dedecms.com,6.6814285,80.399764
Bridgette,Gude,bgude1q@jimdo.com,37.8756819,21.2666794
Giffer,Arnatt,garnatt1r@adobe.com,-7.807286,110.5860937
Ulises,Bontein,ubontein1s@github.io,32.187123,34.823124
Elmira,Jouannisson,ejouannisson1t@salon.com,25.456453,103.240546
Devonne,Cesaric,dcesaric1u@globo.com,-27.240063,-48.6336183
Vernor,De Michetti,vdemichetti1v@is.gd,33.006729,114.362379
Paula,MacMoyer,pmacmoyer1w@opera.com,35.937102,116.470304
Ellerey,Forster,eforster1x@google.ru,-7.466569,112.4500076
Nero,Dubery,ndubery1y@guardian.co.uk,18.3558066,-99.87075
Othilie,Densun,odensun1z@cbslocal.com,44.7791213,19.3765006
Cathie,Trevain,ctrevain20@microsoft.com,58.4016114,13.8639082
Shirline,Moscon,smoscon21@issuu.com,37.0938859,-7.8946433
Carlina,Cossar,ccossar22@qq.com,26.511966,-78.640226
Caryl,Hankinson,chankinson23@i2i.jp,-8.2310152,111.5766407
Griswold,Youster,gyouster24@oakley.com,18.2865589,105.4771084
Nanice,Yarnley,nyarnley25@blog.com,41.186564,111.308664
Lonni,Powderham,lpowderham26@163.com,13.302428,123.4403955
Laurens,Robbe,lrobbe27@nsw.gov.au,61.126827,10.4388999
Peria,Pevreal,ppevreal28@shop-pro.jp,36.3798483,139.1107678
Guglielmo,Euplate,geuplate29@jalbum.net,18.649728,-68.6028341
Fredric,Le Brum,flebrum2a@intel.com,30.456361,119.117626
Konstanze,Brian,kbrian2b@sbwire.com,31.181726,121.426376
Abigale,Testo,atesto2c@yale.edu,47.35,103.4166669
Mina,Leathes,mleathes2d@toplist.cz,50.1617318,16.9473457
Alphonse,Nickels,anickels24@hugedomains.com,15.6729353,0.5045206
Ambrosi,McKniely,amckniely2e@deliciousdays.com,-6.3079232,107.172085
Willie,Coch,wcoch2f@posterous.com,-32.9269882,-60.6935861
Wye,Botger,wbotgers@sitemeter.com,9.128588,124.672209
Revkah,Millwall,rmillwall2g@ftc.gov,-8.2010401,114.9739344
Lorene,Seefeldt,lseefeldt2h@github.com,36.806669,118.017938
Davin,Horick,dhorick2i@tuttocitta.it,38.74457,68.62702
Pierson,Disbury,pdisbury2j@cnbc.com,7.8395214,122.7924488
Cosetta,Cornthwaite,ccornthwaite2k@usa.gov,59.3673245,17.8425299
George,Robel,grobel2l@google.pl,14.8925962,-88.7812586
Ferrell,Sabin,fsabin1d@wisc.edu,27.5989477,68.627038
Aksel,Djokic,adjokic2m@mac.com,35.2617507,57.973082
Bryn,Truss,btruss2n@washingtonpost.com,51.8417492,5.8715134
Dorry,Baline,dbaline2o@theguardian.com,58.5560583,26.6261976
Kristal,Cunnah,kcunnah2p@sciencedirect.com,41.1241415,-8.2082378
Bernhard,Godball,bgodball2q@sogou.com,-38.0752295,-57.5554058
Hyacinth,Djorevic,hdjorevic2r@multiply.com,38.143169,117.497651
Arabella,Mitchall,amitchall2@dyndns.org,43.4880374,-8.2310576
