"first_name","last_name","email","lat","long"
"Elvis","Stanlock","estanlock0@plala.or.jp","22.603489","114.102406"
"Issi","McKelvie","imckelvie1@about.me","12.2257507","4.3822109"
"Igor","Helin","ihelin3@about.com","-21.1877747","-41.8799408"
"Malva","Feacham","mfeacham4@mit.edu","-8.2837661","123.1548332"
"Charlot","Pedler","cpedler5@vistaprint.com","-12.1227634","44.4883576"
"Desdemona","MacCard","dmaccard6@opensource.org","48.9486344","17.2848785"
"Timotheus","Bumpass","tbumpass7@newsvine.com","39.0862753","-28.0156811"
"Jorry","Winsome","jwinsome8@histats.com","25.876232","105.114764"
"Michael","Scott","theboss@dmifflin.com","41.395193573950934","-75.65265815633005"
"Agustin","Eddies","aeddiesa@google.it","16.3100898","120.9524145"
"Wendeline","Scarre","wscarrec@vkontakte.ru","-25.2641605","-50.6378804"
"Gardy","Goneau","ggoneaud@360.cn","31.830362","119.97167"
"Whitney","Pridding","wpriddinge@tinypic.com","31.074215","121.549557"
"Iago","Fitt","ifittg@ihg.com","21.3026143","105.3014109"
"Tristan","Dewberry","tdewberryh@senate.gov","-28.959987","31.751934"
"Josie","Cardus","jcardusi@illinois.edu","-13.5307334","-40.5533995"
"Brod","Colbert","bcolbertk@amazon.de","-10.6818","123.3537"
"Kelcy","Elvin","kelvinl@rakuten.co.jp","55.9186612","59.9854105"
"Cary","Ansett","cansettm@tripadvisor.com","27.522069","116.336069"
"Barclay","Wernham","bwernhamn@discuz.net","34.855441","33.5784007"
"Jeannette","Grolmann","jgrolmanno@scientificamerican.com","55.4763949","13.5019331"
"Kevin","Malone","ilikedonuts@dmifflin.com","41.431299074204524","-75.66465155622997"
"Colby","Walaron","cwalaronq@dot.gov","48.6379813","2.4259452"
"Anselm","Limb","alimbr@usgs.gov","21.0471807","104.2991973"
"Godart","Verrier","gverriert@usa.gov","-6.4991921","106.8915948"
"Marilin","Gillison","mgillisonu@liveinternet.ru","15.3680416","-87.9383822"
"Ninnette","Basini-Gazzi","nbasinigazziv@odnoklassniki.ru","0.0514721","37.6456042"
"Bertine","Brimner","bbrimnerx@wiley.com","45.6717716","15.6507903"
"Jany","Roberson","jrobersony@smh.com.au","-8.0725066","-39.1268089"
"Rhona","McGenis","rmcgenisz@ucoz.com","30.169665","121.266579"
"Darcy","Kitching","dkitching10@blinklist.com","53.2625544","19.826521"
"Dahlia","Challiner","dchalliner11@nydailynews.com","52.0404797","76.9262526"
"Gypsy","Rainer","grainer12@addthis.com","-9.2957636","-75.997859"
"Tobi","Pohlke","tpohlke13@behance.net","15.3098003","119.9994908"
"Linoel","Placide","lplacide14@naver.com","53.746745","62.0609273"
"Angil","Doles","adoles15@wikispaces.com","6.9641667","158.2083333"
"Kenton","Worman","kworman16@simplemachines.org","36.8537392","-76.2652909"
"Elnar","Iwanicki","eiwanicki17@jiathis.com","42.0040445","21.3760767"
"Arvy","Chestnut","achestnut18@ustream.tv","-38.9156735","-67.9800178"
"Margy","Allingham","mallingham19@hud.gov","48.792001","2.39851"
"Chastity","Richardet","crichardet1a@ihg.com","30.5453374","-9.7089858"
"Paloma","Dumphrey","pdumphrey1b@businessinsider.com","43.7441795","2.511999"
"Dacie","Brumpton","dbrumpton1c@foxnews.com","-14.9210683","-49.609512"
"Toby","Flenderson","scrantonstrangler@dmifflin.com","41.38605993198461","-75.67986898684791"
"Lindsey","Markovich","lmarkovich1e@slashdot.org","50.2637942","17.3960222"
"Amalee","Slegg","aslegg1f@cmu.edu","24.8138287","120.9674798"
"Ursala","Bilsborrow","ubilsborrow1g@webeden.co.uk","48.7114913","23.1850055"
"Halie","Titterton","htitterton1h@unicef.org","38.8757453","-7.1728338"
"Sheelagh","Dreus","sdreus1i@i2i.jp","-6.5687237","106.6491595"
"Thatch","Phipps","tphipps1j@arstechnica.com","3.14405","101.69676"
"Lynna","Dwire","ldwire1k@hao123.com","13.487968","-15.2648301"
"Manuel","Riditch","mriditch1l@last.fm","0.4864487","32.4764443"
"Eric","Dallemore","edallemore1m@instagram.com","39.873363","-4.0414005"
"Minda","Colton","mcolton1n@pcworld.com","2.965147","99.0626377"
"Ericka","Padefield","epadefield1o@histats.com","-6.2461822","106.8323419"
"Link","Marle","lmarle1p@odnoklassniki.ru","35.2897617","137.1605839"
"Karon","McWhan","kmcwhan1q@cargocollective.com","20.3650844","-76.4302771"
"Berty","Gunby","bgunby1r@paginegialle.it","41.7371087","20.3241791"
"Johan","Rodenborch","jrodenborch1s@fastcompany.com","0","2.8125"
"Lauri","Chitty","lchitty1t@godaddy.com","32.389131","35.9362859"
"Andre","Baelde","abaelde1u@imdb.com","37.1408036","-8.8622841"
"Lauri","Mountcastle","lmountcastle1v@icio.us","47.2243648","1.7394788"
"Gilberte","Hance","ghance1w@telegraph.co.uk","57.2528644","16.4754832"
"Iver","Engelmann","iengelmann1x@pagesperso-orange.fr","-7.2760371","107.6925674"
"Sollie","Condon","scondon1y@skyrock.com","-21.7712926","-47.0856897"
"Andrus","Caddell","acaddell1z@msu.edu","41.3807001","-8.7336232"
"Stephi","Grzelczak","sgrzelczak20@latimes.com","46.1544155","14.9301007"
"Berti","Gorhardt","bgorhardt21@discovery.com","52.125546","-106.6611689"
"Gerrilee","Jukubczak","gjukubczak22@reference.com","59.2234099","17.9436913"
"Nilson","Eastmond","neastmond23@spotify.com","8.636758","-11.4722494"
"Jennette","Mcasparan","jmcasparan25@cnbc.com","33.2035282","131.6906274"
"Gonzalo","Nethercott","gnethercott26@admin.ch","42.0764229","20.3413074"
"Geraldine","Haizelden","ghaizelden27@t.co","59.6267758","16.4656297"
"Dwight","Schrute","weirdo@dmifflin.com","41.42121601573346","-75.6505614128775"
"Gerry","Crottagh","gcrottagh28@blogspot.com","31.231121","121.466039"
"Christoper","Leadston","cleadston29@imgur.com","30.2979687","120.1561748"
"Ambrosio","Carillo","acarillo2a@smh.com.au","-5.156342","119.416209"
"Linn","Fadian","lfadian2b@rambler.ru","-3.361378","29.3598782"
"Hillier","Moralis","hmoralis2c@soup.io","52.8861365","-118.0572366"
"Catherine","Schirach","cschirach2d@epa.gov","7.1220009","124.5600318"
"Glori","Chance","gchance2e@mozilla.com","44.730869","110.770203"
"Becka","Paydon","bpaydon2f@spotify.com","10.5451205","-71.691066"
"Doro","Wittman","dwittman2g@slideshare.net","34.0136456","69.4307821"
"Fin","Mariaud","fmariaud2h@ucoz.ru","39.8088955","-8.7332644"
"Geraldine","Croix","gcroix2i@reverbnation.com","37.509395","103.929926"
"Merrick","Gettins","mgettins2j@sbwire.com","16.4452765","120.5881071"
"Rhianna","Axe","raxe2k@taobao.com","41.774053","126.042534"
"Aleda","Probbin","aprobbin2l@sogou.com","38.8931743","-77.0251409"
"Bronson","Ganning","bganning2m@feedburner.com","-4.8371532","-37.7662816"
"Neill","Daice","ndaice2n@webmd.com","-9.6996","119.436"
"Fayre","Bittlestone","fbittlestone2o@spiegel.de","52.6235765","14.6349097"
"Emmaline","Fend","efend2p@bluehost.com","34.3020001","48.8145943"
"Nancee","Seiler","nseiler2q@infoseek.co.jp","49.4515969","16.5371625"
"Jim","Halpert","funnyguy@dmifflin.com","41.417329643705095","-75.67756020091579"
"Fleur","Harryman","fharryman2r@va.gov","14.7040142","121.0697978"
